id,first_name,last_name,email,gender,phone_number
1,Karlan,Cleare,kcleare0@timesonline.co.uk,M,312 927 2537
2,Sid,Cowper,scowper1@livejournal.com,M,312 385 2398
3,Ainslee,Parlot,aparlot2@webeden.co.uk,F,547 328 8690
4,Morgen,Adair,madair3@nationalgeographic.com,M,895 418 1944
5,Monti,Josse,mjosse4@zimbio.com,M,425 148 5170
6,Grady,Hamer,ghamer5@hubpages.com,M,684 108 2298
7,Chaunce,Wyre,cwyre6@booking.com,M,346 800 2465
8,Madelyn,Eyres,meyres7@g.co,F,317 566 2528
9,Maryrose,Greenstreet,mgreenstreet8@163.com,F,892 823 4738
10,Rozalin,Lambourne,rlambourne9@list-manage.com,F,273 168 9882
11,Samara,Agus,sagusa@themeforest.net,F,826 628 2802
12,Jarrod,Paffot,jpaffotb@home.pl,M,956 590 6908
13,Obie,Valentine,ovalentinec@fda.gov,M,907 848 2049
14,Cathy,Semple,csempled@home.pl,F,239 950 8020
15,Porty,Roxby,proxbye@businessinsider.com,M,800 819 4462
16,Mortie,Spurman,mspurmanf@blog.com,M,323 114 0797
17,Fanchette,Chatelet,fchateletg@prnewswire.com,F,326 401 9515
18,Roman,Eayrs,reayrsh@altervista.org,M,997 490 2876
19,Muffin,Bauldrey,mbauldreyi@networkadvertising.org,M,875 912 0180
20,Bobbi,Daveran,bdaveranj@shinystat.com,F,311 331 2698
21,Bart,Arndt,barndtk@google.es,M,122 510 8193
22,Morlee,Potapczuk,mpotapczukl@hugedomains.com,M,620 985 4015
23,Neill,D'Alesio,ndalesiom@nifty.com,M,708 553 9361
24,Garik,Spadotto,gspadotton@bandcamp.com,M,890 703 3696
25,Darrelle,Gilhool,dgilhoolo@weibo.com,F,688 329 1236
26,Cami,Lampaert,clampaertp@so-net.ne.jp,F,716 589 2747
27,Blinnie,Rowbury,browburyq@tamu.edu,F,325 333 1992
28,Aldous,Jarrett,ajarrettr@ucsd.edu,M,169 949 9385
29,Magda,Ewington,mewingtons@thetimes.co.uk,F,651 699 7040
30,Selby,McGilmartin,smcgilmartint@apple.com,M,820 798 0990
31,Dru,How to preserve,dhowtopreserveu@eventbrite.com,F,393 461 2633
32,Kinny,Hamlen,khamlenv@infoseek.co.jp,M,313 445 7312
33,Marmaduke,Janicki,mjanickiw@ebay.com,M,182 245 8656
34,Darryl,McGinty,dmcgintyx@ifeng.com,F,327 435 4334
35,Amalle,Bourdas,abourdasy@irs.gov,F,225 323 6754
36,Flo,Lumb,flumbz@clickbank.net,F,884 468 4014
37,Windy,Rouff,wrouff10@cloudflare.com,F,463 662 7845
38,Kaylee,Ansell,kansell11@princeton.edu,F,655 521 2443
39,Melba,Salvadore,msalvadore12@census.gov,F,944 169 6360
40,Sandy,Necolds,snecolds13@google.co.uk,M,583 729 4838
41,Forrester,Lethcoe,flethcoe14@reference.com,M,878 467 5731
42,Remus,O'Moylan,romoylan15@friendfeed.com,M,733 825 4781
43,Zachariah,Huskisson,zhuskisson16@senate.gov,M,145 963 1503
44,Maddalena,Verrillo,mverrillo17@theatlantic.com,F,425 339 0833
45,Winifield,Horsell,whorsell18@youku.com,M,204 326 9045
46,Karena,Sibbet,ksibbet19@imageshack.us,F,387 387 1591
47,Milly,Bissex,mbissex1a@bluehost.com,F,164 186 2633
48,Gauthier,Mellmoth,gmellmoth1b@people.com.cn,M,768 272 1119
49,Pietrek,Hunton,phunton1c@google.co.uk,M,731 693 9152
50,Chloe,Catcheside,ccatcheside1d@pen.io,F,742 221 6446
51,Aila,Wadforth,awadforth1e@forbes.com,F,210 382 9909
52,Binni,Simoens,bsimoens1f@wiley.com,F,298 710 9367
53,Eduardo,Fryd,efryd1g@nih.gov,M,791 180 2066
54,Venus,Cassell,vcassell1h@cnn.com,F,545 104 1479
55,Reilly,Atte-Stone,rattestone1i@github.com,M,443 612 4846
56,Mahmud,Gooms,mgooms1j@ca.gov,M,868 527 5647
57,Stirling,McPhelim,smcphelim1k@unc.edu,M,905 636 5748
58,Niles,De Freyne,ndefreyne1l@nationalgeographic.com,M,659 458 0868
59,Roosevelt,Wallen,rwallen1m@nifty.com,M,980 734 1011
60,Viva,Dakin,vdakin1n@ycombinator.com,F,101 590 9369
61,Ignacius,Monckman,imonckman1o@mit.edu,M,864 818 0253
62,Maridel,Measham,mmeasham1p@bandcamp.com,F,773 680 8006
63,Desmund,Fessler,dfessler1q@toplist.cz,M,229 371 5078
64,Ardys,Scrimgeour,ascrimgeour1r@ameblo.jp,F,212 254 8575
65,Berti,Utton,button1s@dagondesign.com,M,624 162 4581
66,Donnell,Neiland,dneiland1t@taobao.com,M,659 400 2347
67,Falito,Morhall,fmorhall1u@kickstarter.com,M,433 280 7238
68,Arty,Dubber,adubber1v@jugem.jp,M,431 286 5253
69,Sollie,Molan,smolan1w@simplemachines.org,M,465 948 8171
70,Shepherd,Headan,sheadan1x@prnewswire.com,M,240 337 7396
71,Rodd,Latter,rlatter1y@seattletimes.com,M,245 754 1762
72,Berkley,Triswell,btriswell1z@t-online.de,M,854 161 5448
73,Raynell,Novacek,rnovacek20@w3.org,F,633 709 8809
74,Glyn,Tregale,gtregale21@virginia.edu,M,748 346 7608
75,Alford,De Launde,adelaunde22@tmall.com,M,172 616 7511
76,Eula,Yuill,eyuill23@google.fr,F,227 365 2246
77,Katharine,Piatek,kpiatek24@example.com,F,409 981 6233
78,Chilton,Langstaff,clangstaff25@samsung.com,M,293 194 2773
79,Milly,Criple,mcriple26@hud.gov,F,530 455 0596
80,Farrah,Lydiatt,flydiatt27@artisteer.com,F,299 677 4477
81,Tally,McPhelimy,tmcphelimy28@histats.com,M,394 489 1586
82,Bernice,Kimbrough,bkimbrough29@quantcast.com,F,850 207 0445
83,Haywood,Pargeter,hpargeter2a@hc360.com,M,704 147 7377
84,Jodie,Mulhall,jmulhall2b@nature.com,M,156 123 8549
85,Dick,Glasper,dglasper2c@wikia.com,M,869 564 7721
86,Janelle,Speedy,jspeedy2d@reverbnation.com,F,567 493 1896
87,Chickie,Burkill,cburkill2e@army.mil,M,622 844 0194
88,Gussy,Tomich,gtomich2f@jigsy.com,F,881 137 0830
89,Tiertza,Darragh,tdarragh2g@hc360.com,F,497 896 8427
90,Bidget,Parrot,bparrot2h@cbc.ca,F,531 163 2083
91,Gusella,Franciotti,gfranciotti2i@fotki.com,F,993 542 9427
92,Mohammed,Campbell-Dunlop,mcampbelldunlop2j@telegraph.co.uk,M,764 763 7284
93,Modesty,Kleinschmidt,mkleinschmidt2k@alexa.com,F,739 413 6486
94,Fair,Keems,fkeems2l@miitbeian.gov.cn,M,928 144 1265
95,Winnah,Goodlip,wgoodlip2m@tripod.com,F,589 109 8406
96,Geoff,Ishchenko,gishchenko2n@edublogs.org,M,768 140 3923
97,Basilio,Feige,bfeige2o@state.gov,M,545 575 0399
98,Sheela,Sulter,ssulter2p@geocities.jp,F,834 793 3197
99,Nichol,Pontain,npontain2q@prweb.com,F,377 411 1591
100,Ozzie,Rusk,orusk2r@mac.com,M,634 969 2959
101,Tiffi,Rose,trose2s@digg.com,F,605 689 1897
102,Hortensia,De Francisci,hdefrancisci2t@cnet.com,F,660 816 4145
103,Rufus,Taylder,rtaylder2u@thetimes.co.uk,M,711 610 3553
104,Shawna,Philliphs,sphilliphs2v@boston.com,F,604 401 9608
105,Seana,Arthy,sarthy2w@adobe.com,F,250 333 3773
106,Evelyn,Tregien,etregien2x@tinypic.com,M,471 964 8870
107,Garfield,Walesby,gwalesby2y@nba.com,M,428 275 0012
108,Phaidra,Brotherhead,pbrotherhead2z@chicagotribune.com,F,474 704 2163
109,Aguste,Clegg,aclegg30@symantec.com,M,777 899 6334
110,Demetrius,Scotting,dscotting31@admin.ch,M,130 159 3511
111,Marylou,Swinney,mswinney32@google.com.br,F,678 365 2000
112,Tomaso,Vogeler,tvogeler33@skype.com,M,795 143 2248
113,Shelby,Yarranton,syarranton34@stumbleupon.com,M,603 821 5717
114,Ellie,Lurner,elurner35@about.com,F,503 662 8154
115,Carolin,Clausner,cclausner36@angelfire.com,F,748 220 7180
116,Ajay,Vidgeon,avidgeon37@unesco.org,F,725 860 7225
117,Erminia,Berry,eberry38@telegraph.co.uk,F,865 933 1384
118,Ramonda,Beddoe,rbeddoe39@constantcontact.com,F,538 475 9582
119,Sebastien,Sparkwell,ssparkwell3a@dot.gov,M,899 538 0164
120,Natalina,Roderigo,nroderigo3b@themeforest.net,F,446 149 2734
121,Myrilla,Gillaspy,mgillaspy3c@google.com,F,289 557 6082
122,Davie,Tomowicz,dtomowicz3d@blogtalkradio.com,M,391 316 2017
123,Byran,Dechelle,bdechelle3e@abc.net.au,M,909 254 9323
124,Ertha,McAnellye,emcanellye3f@pcworld.com,F,192 673 3074
125,Ambrosio,Castellanos,acastellanos3g@cpanel.net,M,292 922 9270
126,Magdalena,Zisneros,mzisneros3h@nih.gov,F,227 102 5392
127,Chaddie,Fayer,cfayer3i@twitpic.com,M,402 366 2962
128,Grove,Canete,gcanete3j@msu.edu,M,490 390 6985
129,Jo-anne,Innocent,jinnocent3k@unesco.org,F,484 128 2282
130,Euell,Kleinplac,ekleinplac3l@rakuten.co.jp,M,819 292 6043
131,Jordon,Stannus,jstannus3m@timesonline.co.uk,M,714 956 0841
132,Rogerio,Grigoriscu,rgrigoriscu3n@cornell.edu,M,696 432 2075
133,Fionnula,Credland,fcredland3o@over-blog.com,F,238 282 8151
134,Galven,Grainge,ggrainge3p@constantcontact.com,M,322 280 2140
135,Morganne,Colleck,mcolleck3q@nih.gov,F,461 693 9017
136,Arny,Gurg,agurg3r@economist.com,M,579 510 7513
137,Farica,Grimsdith,fgrimsdith3s@odnoklassniki.ru,F,350 466 9690
138,Wald,Losseljong,wlosseljong3t@businessweek.com,M,626 338 4952
139,Alair,Skerm,askerm3u@people.com.cn,M,884 193 2213
140,Mareah,Netherwood,mnetherwood3v@purevolume.com,F,425 445 5683
141,Abran,Nursey,anursey3w@deliciousdays.com,M,898 327 3078
142,Flory,Althrop,falthrop3x@infoseek.co.jp,M,627 614 6943
143,Oberon,Buffham,obuffham3y@etsy.com,M,870 258 7966
144,Hamel,Gutowski,hgutowski3z@redcross.org,M,971 279 8939
145,Myer,Riddles,mriddles40@reverbnation.com,M,748 377 0186
146,Bunnie,Gaukroger,bgaukroger41@mit.edu,F,170 974 5775
147,Yehudi,Dunge,ydunge42@i2i.jp,M,749 609 8328
148,Morten,Bagger,mbagger43@friendfeed.com,M,948 172 0064
149,Skell,Jillings,sjillings44@yellowpages.com,M,164 547 7656
150,Quincey,O'Kennavain,qokennavain45@moonfruit.com,M,424 376 8938
151,Gwennie,Stanlock,gstanlock46@amazon.de,F,903 759 6679
152,Stacy,Vairow,svairow47@imageshack.us,F,602 194 4055
153,Kameko,Shapcott,kshapcott48@jimdo.com,F,958 725 6939
154,Marena,Baythrop,mbaythrop49@vinaora.com,F,766 759 3120
155,Norbie,Elstob,nelstob4a@myspace.com,M,876 290 9597
156,Maxi,Illyes,millyes4b@whitehouse.gov,F,248 448 3681
157,Cos,Strephan,cstrephan4c@usnews.com,M,980 125 7635
158,Bambi,Winckles,bwinckles4d@cdc.gov,F,768 723 5358
159,Jessey,Mantione,jmantione4e@posterous.com,M,813 686 2356
160,Diena,Fealty,dfealty4f@over-blog.com,F,746 517 7897
161,Midge,Korlat,mkorlat4g@cam.ac.uk,F,525 995 1880
162,Alleen,Bigley,abigley4h@geocities.com,F,750 144 4803
163,Bonnie,McMeyler,bmcmeyler4i@google.it,F,278 833 3336
164,Jehanna,Trattles,jtrattles4j@bravesites.com,F,384 110 4312
165,Abagail,Elsby,aelsby4k@tamu.edu,F,106 271 3573
166,Sharyl,Kauscher,skauscher4l@sogou.com,F,972 255 3395
167,Katya,Kittiman,kkittiman4m@bloglovin.com,F,375 251 6135
168,Olly,Beachamp,obeachamp4n@ucoz.ru,F,452 874 6759
169,Wallie,Pichan,wpichan4o@xing.com,F,520 856 7054
170,Valene,Kumar,vkumar4p@fda.gov,F,254 551 1338
171,Gwenora,McMennum,gmcmennum4q@java.com,F,215 760 0198
172,Wayne,Gerling,wgerling4r@mac.com,M,334 545 7999
173,Ginevra,Grimstead,ggrimstead4s@who.int,F,656 477 4953
174,Virgie,Vizor,vvizor4t@ow.ly,M,877 219 1147
175,Zelma,Whitley,zwhitley4u@spiegel.de,F,283 496 8366
176,Kleon,Cottell,kcottell4v@1und1.de,M,502 176 6569
177,Olympe,Zecchinelli,ozecchinelli4w@unc.edu,F,616 231 8208
178,Coleman,Epinoy,cepinoy4x@constantcontact.com,M,749 708 1691
179,Merle,Burrett,mburrett4y@independent.co.uk,F,775 562 5493
180,Ariana,Chardin,achardin4z@npr.org,F,851 372 1093
181,Dionne,Shalcros,dshalcros50@tinyurl.com,F,177 510 7879
182,Freeland,Castellino,fcastellino51@apple.com,M,645 738 3646
183,Earle,Cosgry,ecosgry52@moonfruit.com,M,105 252 9979
184,Maegan,Bulle,mbulle53@google.ru,F,375 156 9102
185,Jobie,Stiegers,jstiegers54@si.edu,F,762 203 8032
186,Emmi,Dodwell,edodwell55@phoca.cz,F,479 226 0298
187,Theo,Busson,tbusson56@discuz.net,M,753 650 5312
188,Patrick,Renachowski,prenachowski57@forbes.com,M,577 822 7494
189,Ode,Layus,olayus58@geocities.jp,M,381 798 0514
190,Boniface,Rayment,brayment59@senate.gov,M,235 299 7472
191,Kilian,Sobieski,ksobieski5a@elpais.com,M,951 854 3019
192,Franz,Brierley,fbrierley5b@newyorker.com,M,144 228 8733
193,Peadar,Ramsdell,pramsdell5c@fotki.com,M,707 209 4097
194,Carlene,Tivnan,ctivnan5d@state.tx.us,F,984 908 1923
195,Seth,Firbank,sfirbank5e@privacy.gov.au,M,517 470 5722
196,Jerrilee,Drexel,jdrexel5f@xing.com,F,571 611 1034
197,Fernande,Bazell,fbazell5g@nps.gov,F,355 133 2067
198,Linda,Scrivin,lscrivin5h@senate.gov,F,799 359 5207
199,Shaun,Gibbard,sgibbard5i@prnewswire.com,M,987 723 0150
200,Alexio,Reeveley,areeveley5j@51.la,M,229 455 4461
201,Fredrick,Lattimore,flattimore5k@mlb.com,M,540 829 2551
202,Morty,Stoven,mstoven5l@blogs.com,M,472 416 9517
203,Starla,Genty,sgenty5m@oaic.gov.au,F,568 269 6172
204,Tallulah,Chrstine,tchrstine5n@spotify.com,F,617 434 9745
205,Nariko,Panton,npanton5o@indiegogo.com,F,418 718 8247
206,Eduardo,Bruhn,ebruhn5p@google.it,M,703 923 5499
207,Granthem,Caven,gcaven5q@example.com,M,564 311 9331
208,Ranee,Shields,rshields5r@webeden.co.uk,F,933 412 4168
209,Sancho,Rudinger,srudinger5s@taobao.com,M,975 785 9987
210,Quintilla,Lages,qlages5t@meetup.com,F,224 233 1386
211,Dulcine,Hutten,dhutten5u@wunderground.com,F,768 973 3668
212,Garv,Patridge,gpatridge5v@ning.com,M,532 849 2079
213,Viviyan,Vanini,vvanini5w@360.cn,F,292 354 8263
214,Jeffrey,Dodgson,jdodgson5x@prlog.org,M,561 707 2242
215,Farleigh,Le Conte,fleconte5y@comcast.net,M,280 833 7167
216,Kandy,Duchan,kduchan5z@1und1.de,F,601 340 2846
217,Laurella,Dunthorn,ldunthorn60@4shared.com,F,623 464 4259
218,Olympe,Butte,obutte61@nbcnews.com,F,863 457 3826
219,Brose,Cubbino,bcubbino62@skyrock.com,M,368 657 2887
220,Dulcea,Gliddon,dgliddon63@usnews.com,F,284 115 8823
221,Caddric,Narbett,cnarbett64@japanpost.jp,M,917 509 6226
222,Dennis,Brozsset,dbrozsset65@wiley.com,M,352 185 4043
223,Darnell,Jowsey,djowsey66@taobao.com,M,576 991 5695
224,Hanny,Mathy,hmathy67@disqus.com,F,860 163 3782
225,Nikita,Dy,ndy68@yandex.ru,M,369 247 5010
226,Robert,Petrazzi,rpetrazzi69@buzzfeed.com,M,933 619 1157
227,Dorena,Cheater,dcheater6a@tinyurl.com,F,152 832 3968
228,Lucille,Gimenez,lgimenez6b@dyndns.org,F,192 910 6704
229,Mauricio,Jankovsky,mjankovsky6c@house.gov,M,592 378 9638
230,Ruy,Nys,rnys6d@360.cn,M,875 947 2051
231,Tish,Vassano,tvassano6e@guardian.co.uk,F,459 107 8009
232,Schuyler,Shadfourth,sshadfourth6f@php.net,M,993 145 6870
233,Irina,Wake,iwake6g@bbc.co.uk,F,291 479 1576
234,Asher,MacLardie,amaclardie6h@jigsy.com,M,252 783 2752
235,Harwell,Blackader,hblackader6i@washington.edu,M,835 799 6527
236,Tally,Filintsev,tfilintsev6j@joomla.org,M,640 206 0103
237,Michal,Siddele,msiddele6k@purevolume.com,M,363 616 1887
238,Goran,Okell,gokell6l@baidu.com,M,679 327 9121
239,Von,Raddon,vraddon6m@wikispaces.com,M,915 205 8320
240,Illa,Hazlehurst,ihazlehurst6n@addtoany.com,F,351 241 3083
241,Horst,Warrior,hwarrior6o@about.me,M,685 829 5087
242,Phillipe,Matthew,pmatthew6p@foxnews.com,M,442 153 1885
243,Cissiee,Lohoar,clohoar6q@pagesperso-orange.fr,F,768 538 7703
244,Pepillo,Bilofsky,pbilofsky6r@qq.com,M,286 213 9623
245,Otto,Curedell,ocuredell6s@symantec.com,M,444 655 9356
246,Pavlov,Sainter,psainter6t@amazon.com,M,293 419 3423
247,Jayme,Chittenden,jchittenden6u@histats.com,F,384 530 8588
248,Andrus,Blackaller,ablackaller6v@washingtonpost.com,M,936 414 1616
249,Dorotea,Clowney,dclowney6w@wikia.com,F,267 365 7723
250,Twila,MacSween,tmacsween6x@themeforest.net,F,479 694 5334
251,Karoline,Torrisi,ktorrisi6y@yellowpages.com,F,106 165 3567
252,Freddie,Lievesley,flievesley6z@tumblr.com,F,965 172 3833
253,Pincus,Yoselevitch,pyoselevitch70@pcworld.com,M,271 357 8736
254,Jeno,Fend,jfend71@gizmodo.com,M,652 738 5626
255,Wini,Poutress,wpoutress72@yandex.ru,F,686 746 8263
256,Daron,Sissens,dsissens73@soundcloud.com,M,813 484 4228
257,Essie,Blanckley,eblanckley74@instagram.com,F,958 131 4284
258,Lyda,Coronado,lcoronado75@tinyurl.com,F,545 537 6740
259,Sondra,Klimentyev,sklimentyev76@google.com.br,F,646 689 2957
260,Uri,Halbert,uhalbert77@paginegialle.it,M,945 565 3205
261,Sansone,Chadwell,schadwell78@jigsy.com,M,530 796 5996
262,Melva,Sparkwill,msparkwill79@bbb.org,F,856 600 4378
263,Yurik,Witson,ywitson7a@chronoengine.com,M,432 370 2078
264,Lia,Jeff,ljeff7b@reddit.com,F,560 197 4034
265,Ferdinanda,Schultes,fschultes7c@quantcast.com,F,596 790 8035
266,Diana,Hindhaugh,dhindhaugh7d@answers.com,F,498 567 4462
267,Therese,Bambrugh,tbambrugh7e@google.com.au,F,933 793 2117
268,Hester,Peteri,hpeteri7f@about.com,F,510 147 9137
269,Virge,Crosseland,vcrosseland7g@economist.com,M,143 926 0436
270,Gerik,Meijer,gmeijer7h@nsw.gov.au,M,539 470 5769
271,Janka,Mazin,jmazin7i@nydailynews.com,F,145 110 2572
272,Harlen,Hearle,hhearle7j@dagondesign.com,M,251 910 9736
273,Freda,MacMeeking,fmacmeeking7k@ocn.ne.jp,F,821 478 4137
274,Giuseppe,Maior,gmaior7l@forbes.com,M,681 740 2243
275,Berenice,Finker,bfinker7m@europa.eu,F,710 534 9120
276,Lorine,Redfern,lredfern7n@dmoz.org,F,333 973 9171
277,Tildi,Trevna,ttrevna7o@google.es,F,476 348 4077
278,Tilly,Twyning,ttwyning7p@networkadvertising.org,F,386 717 8157
279,Kenon,Vasse,kvasse7q@mozilla.org,M,361 804 0540
280,Alexandr,Fearney,afearney7r@techcrunch.com,M,672 839 4405
281,See,Hathaway,shathaway7s@nature.com,M,925 554 3525
282,Mateo,Lowseley,mlowseley7t@webs.com,M,625 937 2154
283,Sharlene,Ruggles,sruggles7u@dell.com,F,202 162 7073
284,Terrence,Borrie,tborrie7v@auda.org.au,M,828 250 8985
285,Willem,Heibl,wheibl7w@apache.org,M,393 438 7778
286,Kalil,Tollmache,ktollmache7x@tamu.edu,M,254 529 1767
287,Bealle,Hourican,bhourican7y@globo.com,M,196 636 2701
288,Archer,Beden,abeden7z@wp.com,M,851 341 4039
289,Felice,Milella,fmilella80@pen.io,M,853 273 6784
290,Bradney,Heaviside,bheaviside81@example.com,M,516 859 6157
291,Johannes,Henden,jhenden82@mapquest.com,M,318 510 7533
292,Harcourt,Treagust,htreagust83@joomla.org,M,608 415 3624
293,Ruby,Dalmon,rdalmon84@si.edu,M,213 344 0739
294,Ellsworth,Stockley,estockley85@rediff.com,M,410 267 5972
295,Stanwood,Schulz,sschulz86@huffingtonpost.com,M,393 768 6661
296,Lutero,Bernuzzi,lbernuzzi87@abc.net.au,M,973 142 0225
297,Lockwood,Morat,lmorat88@geocities.jp,M,385 489 7032
298,Mela,Culver,mculver89@illinois.edu,F,415 322 6478
299,Redd,Fiddeman,rfiddeman8a@constantcontact.com,M,311 727 1893
300,Esther,Ashforth,eashforth8b@surveymonkey.com,F,929 312 8678
301,Buddy,Kees,bkees8c@latimes.com,M,224 994 9912
302,Dalton,Borth,dborth8d@163.com,M,579 436 5283
303,Nicolis,Dunbobin,ndunbobin8e@wired.com,M,891 556 6632
304,Brody,Amer,bamer8f@answers.com,M,790 914 1247
305,Myranda,Heffernan,mheffernan8g@blog.com,F,758 779 9638
306,Susanetta,Gould,sgould8h@addtoany.com,F,571 332 8000
307,Arlan,Fotitt,afotitt8i@independent.co.uk,M,206 671 2818
308,Rikki,Bottini,rbottini8j@nydailynews.com,M,264 677 0788
309,Abie,McLenaghan,amclenaghan8k@mayoclinic.com,M,742 114 9373
310,Olive,Rivallant,orivallant8l@weather.com,F,407 602 2087
311,Rice,Maden,rmaden8m@theglobeandmail.com,M,333 342 4116
312,Dalila,Slobom,dslobom8n@dell.com,F,879 909 9272
313,Melba,Halvorsen,mhalvorsen8o@spiegel.de,F,498 540 5426
314,Roanne,Likly,rlikly8p@prweb.com,F,426 984 7572
315,Kasey,Olivari,kolivari8q@gizmodo.com,F,842 146 3163
316,Veronique,Jowett,vjowett8r@simplemachines.org,F,403 185 1104
317,Rosalynd,Feedome,rfeedome8s@taobao.com,F,608 925 2124
318,Milton,Illing,milling8t@shutterfly.com,M,511 832 9268
319,Quill,Casari,qcasari8u@businessweek.com,M,620 252 0657
320,Judah,Edinburgh,jedinburgh8v@goo.ne.jp,M,833 677 4480
321,Zolly,Cod,zcod8w@posterous.com,M,364 365 4591
322,Earlie,Berrecloth,eberrecloth8x@printfriendly.com,M,393 593 4939
323,Tiphany,Leet,tleet8y@facebook.com,F,331 975 6594
324,Deloria,Allcorn,dallcorn8z@ucoz.ru,F,633 633 2105
325,Dorita,Jesse,djesse90@google.cn,F,354 311 1170
326,Torry,Lucian,tlucian91@rambler.ru,M,296 835 8398
327,Clarette,Tuxsell,ctuxsell92@webeden.co.uk,F,255 132 3421
328,Morten,Celler,mceller93@domainmarket.com,M,138 407 7653
329,Torrin,McGaw,tmcgaw94@godaddy.com,M,774 321 6145
330,Catherine,Burness,cburness95@nasa.gov,F,525 214 5132
331,Percival,Bartles,pbartles96@time.com,M,514 814 7459
332,Halette,Wylder,hwylder97@pagesperso-orange.fr,F,733 297 9742
333,Gunther,Wickling,gwickling98@admin.ch,M,830 759 9841
334,Simon,Morby,smorby99@arizona.edu,M,551 543 7507
335,Denys,Shitliff,dshitliff9a@pagesperso-orange.fr,M,165 603 2622
336,Ozzy,Steane,osteane9b@clickbank.net,M,967 449 6565
337,Tammie,Cubbinelli,tcubbinelli9c@prlog.org,M,562 277 8584
338,Arlina,McQuillan,amcquillan9d@tuttocitta.it,F,756 598 9026
339,Alma,McKeney,amckeney9e@ycombinator.com,F,553 547 0846
340,Teodor,Igoe,tigoe9f@godaddy.com,M,107 994 8213
341,Corbet,Bulteel,cbulteel9g@oakley.com,M,688 181 5838
342,Devlen,Cawson,dcawson9h@woothemes.com,M,199 460 4486
343,Hillary,Antonsson,hantonsson9i@freewebs.com,M,429 755 3171
344,Lizette,Berens,lberens9j@aboutads.info,F,576 952 2381
345,Ches,Phippin,cphippin9k@nifty.com,M,557 648 5019
346,Alverta,Shillinglaw,ashillinglaw9l@booking.com,F,915 349 7754
347,Graehme,Rubinchik,grubinchik9m@java.com,M,194 484 5350
348,Carlin,Willows,cwillows9n@freewebs.com,F,326 475 1779
349,Renado,Brookbank,rbrookbank9o@feedburner.com,M,622 165 6757
350,Charil,Mateiko,cmateiko9p@cornell.edu,F,846 758 1293
351,Amie,Sirey,asirey9q@google.com,F,830 442 5688
352,Thacher,Skinley,tskinley9r@barnesandnoble.com,M,530 938 2592
353,Loria,Gianasi,lgianasi9s@fotki.com,F,202 214 3151
354,Lorie,Woolmington,lwoolmington9t@sitemeter.com,F,402 927 2259
355,Arni,Malitrott,amalitrott9u@google.com,M,621 857 5194
356,Lorne,Eskrick,leskrick9v@prnewswire.com,M,815 577 1785
357,Dennet,Wort,dwort9w@msn.com,M,848 523 7653
358,Colby,Heaysman,cheaysman9x@youku.com,M,257 227 6477
359,Geoffry,Dawes,gdawes9y@adobe.com,M,710 333 1384
360,Danielle,Langrick,dlangrick9z@mayoclinic.com,F,881 302 6874
361,Mamie,Pottery,mpotterya0@arstechnica.com,F,992 943 3782
362,Ruprecht,Coper,rcopera1@nytimes.com,M,877 167 3198
363,Kiri,Blackbrough,kblackbrougha2@mtv.com,F,443 568 9951
364,Ike,Tavernor,itavernora3@state.tx.us,M,590 488 6479
365,Des,Perring,dperringa4@amazon.com,M,683 523 6287
366,Carling,Oxer,coxera5@businessweek.com,M,198 845 3411
367,Fransisco,Brownsell,fbrownsella6@intel.com,M,796 110 7003
368,Kipp,Greenhalgh,kgreenhalgha7@chicagotribune.com,F,370 775 7394
369,Tally,Eckery,teckerya8@sogou.com,M,695 585 8555
370,Carolina,Estabrook,cestabrooka9@blogger.com,F,398 795 9416
371,Thatch,Tiltman,ttiltmanaa@4shared.com,M,566 135 2687
372,Moise,De Vaux,mdevauxab@sciencedaily.com,M,742 684 1848
373,Raviv,Franses,rfransesac@prlog.org,M,954 524 3946
374,Devin,Lobell,dlobellad@biblegateway.com,F,413 377 9962
375,Frasier,Haysey,fhayseyae@youku.com,M,791 295 5268
376,Farly,Curman,fcurmanaf@dion.ne.jp,M,942 900 1423
377,Waite,Scathard,wscathardag@rakuten.co.jp,M,373 850 7678
378,Charmain,Jirousek,cjirousekah@mail.ru,F,964 189 7592
379,Ilene,Hamflett,ihamflettai@bbc.co.uk,F,294 724 5993
380,Gabriela,Neeves,gneevesaj@state.gov,F,793 910 4028
381,Mollie,Le Sieur,mlesieurak@dyndns.org,F,368 119 4761
382,Gustaf,Fosse,gfosseal@wisc.edu,M,511 983 8536
383,Kahlil,Measom,kmeasomam@digg.com,M,714 264 1127
384,Husain,Trulock,htrulockan@e-recht24.de,M,679 806 3907
385,Nancy,Sumpter,nsumpterao@forbes.com,F,961 301 8813
386,Tybalt,Mallord,tmallordap@shutterfly.com,M,215 772 2401
387,Nikolas,Gumn,ngumnaq@patch.com,M,672 848 4700
388,Ashien,Moraleda,amoraledaar@bbb.org,F,553 829 7910
389,Chiquita,Jedrachowicz,cjedrachowiczas@wufoo.com,F,543 328 4998
390,Zacherie,Pimblett,zpimblettat@utexas.edu,M,612 817 4409
391,Annmarie,Rennie,arennieau@ucla.edu,F,608 596 3019
392,Allison,McClurg,amcclurgav@time.com,F,846 990 0002
393,Lay,Barca,lbarcaaw@theatlantic.com,M,730 943 3022
394,Alikee,Armal,aarmalax@miitbeian.gov.cn,F,631 129 9548
395,Mickie,Meah,mmeahay@angelfire.com,F,569 539 2608
396,Minnie,Dumbarton,mdumbartonaz@jigsy.com,F,991 583 8684
397,Morris,Broadbear,mbroadbearb0@youtu.be,M,219 236 7400
398,Saunders,Janz,sjanzb1@usnews.com,M,598 266 1677
399,Tadeo,Daspar,tdasparb2@domainmarket.com,M,930 884 6075
400,Aliza,Iveson,aivesonb3@washington.edu,F,755 664 9139
401,Marsh,Dalliwatr,mdalliwatrb4@pagesperso-orange.fr,M,387 557 1667
402,Jacques,Grinsted,jgrinstedb5@senate.gov,M,887 865 6343
403,Victoir,Duce,vduceb6@intel.com,M,858 462 0391
404,Hamil,Preedy,hpreedyb7@g.co,M,535 392 5980
405,Bobette,L'argent,blargentb8@mozilla.com,F,889 989 3430
406,Humfried,Ilyukhov,hilyukhovb9@ucla.edu,M,463 277 1429
407,Kath,Wiskar,kwiskarba@stanford.edu,F,535 755 5179
408,Adam,Reignard,areignardbb@prnewswire.com,M,988 520 7997
409,Tildy,Peacham,tpeachambc@ucsd.edu,F,898 712 2349
410,Erhart,Bransgrove,ebransgrovebd@dedecms.com,M,136 632 5067
411,Garey,Janowski,gjanowskibe@ox.ac.uk,M,494 478 5225
412,Tabby,Sumpter,tsumpterbf@pen.io,M,684 164 6109
413,Damon,Haggerty,dhaggertybg@chron.com,M,847 381 4668
414,Judah,Hartzogs,jhartzogsbh@sun.com,M,901 119 0427
415,Xylina,Culleton,xculletonbi@xinhuanet.com,F,589 189 5009
416,Niki,Boagey,nboageybj@storify.com,F,362 905 2907
417,Mason,Turvey,mturveybk@tripadvisor.com,M,192 605 6742
418,Edlin,Sail,esailbl@nsw.gov.au,M,148 631 1371
419,Hilarius,Goligly,hgoliglybm@free.fr,M,368 315 2559
420,Milt,Dislee,mdisleebn@storify.com,M,504 364 5343
421,Paton,Skeats,pskeatsbo@yellowpages.com,M,125 406 6234
422,Harland,Thorrold,hthorroldbp@discuz.net,M,870 150 2595
423,Donal,Pietrasik,dpietrasikbq@about.com,M,857 295 2037
424,Kris,Yakunchikov,kyakunchikovbr@studiopress.com,M,566 267 1209
425,Waldon,Rettie,wrettiebs@360.cn,M,947 542 7965
426,Amelina,Benyan,abenyanbt@nbcnews.com,F,495 668 5729
427,Reinaldo,Cosby,rcosbybu@nba.com,M,536 299 3864
428,Sherri,Voules,svoulesbv@ucoz.ru,F,575 896 9838
429,Curtice,Tighe,ctighebw@cargocollective.com,M,438 626 4322
430,Leonerd,Giffin,lgiffinbx@icio.us,M,967 625 8659
431,Goddard,Kleinbaum,gkleinbaumby@naver.com,M,891 580 3755
432,Correna,Hutfield,chutfieldbz@hubpages.com,F,623 124 2344
433,Johnathon,Turneux,jturneuxc0@a8.net,M,279 526 0890
434,Celinda,Arenson,carensonc1@cbslocal.com,F,611 364 9266
435,Nicolina,O'Reilly,noreillyc2@cnet.com,F,815 955 8191
436,William,Snary,wsnaryc3@microsoft.com,M,537 116 3991
437,Brandyn,Leavry,bleavryc4@google.com.au,M,727 623 9521
438,Gloriana,Statham,gstathamc5@feedburner.com,F,625 577 3214
439,Deni,Rishworth,drishworthc6@bluehost.com,F,873 341 1832
440,Devland,Hakonsen,dhakonsenc7@istockphoto.com,M,667 122 3777
441,Herculie,MacConnel,hmacconnelc8@fotki.com,M,842 645 0422
442,Cash,Dart,cdartc9@prnewswire.com,M,887 421 6228
443,Brooke,Verma,bvermaca@berkeley.edu,F,595 433 6170
444,Clementine,Lamont,clamontcb@paginegialle.it,F,956 743 0916
445,Goran,Pilger,gpilgercc@senate.gov,M,133 149 6091
446,Reuven,Heinicke,rheinickecd@mit.edu,M,623 694 5984
447,Gradeigh,Priver,gpriverce@sfgate.com,M,591 785 6969
448,Thorsten,Gosnay,tgosnaycf@g.co,M,348 226 9073
449,Stefa,Ipsgrave,sipsgravecg@intel.com,F,621 540 2967
450,Fredelia,Scarlan,fscarlanch@paypal.com,F,433 887 2899
451,Dom,Derle,dderleci@indiegogo.com,M,483 682 9544
452,Tallia,Antoni,tantonicj@springer.com,F,720 840 6643
453,Keven,Arsnell,karsnellck@sitemeter.com,M,944 702 2498
454,Dianne,Milesap,dmilesapcl@liveinternet.ru,F,689 415 6574
455,Darnell,Jiri,djiricm@last.fm,M,568 237 5181
456,Merna,Rowden,mrowdencn@boston.com,F,691 310 0106
457,Kingsley,Tapply,ktapplyco@washington.edu,M,678 352 4546
458,Oralla,Frodsam,ofrodsamcp@europa.eu,F,103 389 8704
459,Gunar,Lowsely,glowselycq@usatoday.com,M,827 124 7756
460,Herta,Walaron,hwalaroncr@quantcast.com,F,547 911 1725
461,Sid,Matusiak,smatusiakcs@vk.com,M,717 729 7448
462,Renae,Kilkenny,rkilkennyct@csmonitor.com,F,894 112 7385
463,Juliane,Branthwaite,jbranthwaitecu@cmu.edu,F,132 330 9899
464,Murdoch,Baggalley,mbaggalleycv@dell.com,M,397 439 2424
465,Ruthann,Rubinowitz,rrubinowitzcw@netlog.com,F,440 668 7855
466,Jaquith,Mocker,jmockercx@cargocollective.com,F,642 696 4733
467,Brendis,Sijmons,bsijmonscy@usnews.com,M,225 198 8486
468,Mora,Mabbot,mmabbotcz@bigcartel.com,F,526 905 1543
469,Marti,Knutsen,mknutsend0@wikia.com,F,237 493 3090
470,Wain,Welman,wwelmand1@mozilla.com,M,830 256 2245
471,Carolina,Dot,cdotd2@walmart.com,F,186 738 4894
472,Cecile,Decroix,cdecroixd3@miitbeian.gov.cn,F,313 284 9810
473,Elsey,Elsop,eelsopd4@seesaa.net,F,214 942 9686
474,Marty,Stone Fewings,mstonefewingsd5@ihg.com,F,651 828 9517
475,Rusty,Butterfield,rbutterfieldd6@slideshare.net,M,661 745 9774
476,Brendis,Hekkert,bhekkertd7@github.io,M,647 718 1632
477,Lorrie,Peare,lpeared8@mysql.com,M,742 861 1427
478,Auguste,Duffell,aduffelld9@amazon.co.uk,F,938 147 8832
479,Elayne,Dodimead,edodimeadda@wiley.com,F,955 639 1844
480,Jeremy,Albarez,jalbarezdb@fc2.com,M,764 487 8960
481,Melitta,Nesbitt,mnesbittdc@upenn.edu,F,366 432 2164
482,Gasper,Highway,ghighwaydd@icq.com,M,201 475 7724
483,Jacquenette,Woolstenholmes,jwoolstenholmesde@shareasale.com,F,346 762 8571
484,Zilvia,Kyncl,zkyncldf@goo.gl,F,730 846 6358
485,Wesley,Tomicki,wtomickidg@spiegel.de,M,473 723 4519
486,Saree,Guiver,sguiverdh@theglobeandmail.com,F,998 507 5975
487,Ely,Lawranson,elawransondi@google.com.hk,M,574 141 5249
488,Jerri,Schole,jscholedj@nsw.gov.au,M,826 467 8813
489,Leigh,Cottrill,lcottrilldk@list-manage.com,F,997 279 8382
490,Percy,Bootton,pboottondl@cyberchimps.com,M,170 205 8765
491,Owen,Piotrowski,opiotrowskidm@thetimes.co.uk,M,504 156 0585
492,Marni,Maestro,mmaestrodn@parallels.com,F,285 909 4252
493,Dennie,Wathell,dwathelldo@nhs.uk,F,464 351 5238
494,Garwin,Dybell,gdybelldp@mlb.com,M,531 898 9053
495,Rahel,Naptin,rnaptindq@economist.com,F,574 850 9370
496,Kimberlyn,Coull,kcoulldr@trellian.com,F,738 765 1795
497,Marlena,Bettlestone,mbettlestoneds@wsj.com,F,804 217 4910
498,Dante,Wyldish,dwyldishdt@gravatar.com,M,281 153 0775
499,Rosalind,Backshell,rbackshelldu@edublogs.org,F,895 709 9533
500,Magdalene,Klishin,mklishindv@cnbc.com,F,619 568 5514
501,Amanda,Yuille,ayuilledw@seattletimes.com,F,352 140 6007
502,Briant,Crumb,bcrumbdx@geocities.com,M,857 736 2890
503,Kristoffer,Peto,kpetody@shutterfly.com,M,237 362 2339
504,Nat,Leggin,nleggindz@naver.com,F,368 647 0980
505,Prescott,Punch,ppunche0@pinterest.com,M,512 543 4279
506,Immanuel,McBayne,imcbaynee1@npr.org,M,700 184 5230
507,Shanna,Sidwick,ssidwicke2@addthis.com,F,253 238 1594
508,Gordon,Ivakhno,givakhnoe3@rediff.com,M,465 783 2054
509,Hodge,Reames,hreamese4@sourceforge.net,M,433 105 4472
510,Clayborne,Tann,ctanne5@rambler.ru,M,154 377 9211
511,Sammie,Jurewicz,sjurewicze6@surveymonkey.com,M,580 318 1721
512,Allistir,Pontin,apontine7@phpbb.com,M,751 589 7269
513,Uriah,Vaughan,uvaughane8@w3.org,M,247 755 3211
514,Enos,Snelling,esnellinge9@engadget.com,M,398 385 5450
515,Frannie,Yo,fyoea@xrea.com,F,291 196 6670
516,Rickert,Duferie,rduferieeb@liveinternet.ru,M,674 664 2390
517,Woodrow,Hibbart,whibbartec@1688.com,M,273 723 5682
518,Ulberto,Heaselgrave,uheaselgraveed@nih.gov,M,549 607 3555
519,Osbourn,Pietzner,opietzneree@yahoo.co.jp,M,899 707 7339
520,Valenka,Niles,vnilesef@sphinn.com,F,266 789 8112
521,Elizabet,Michelle,emichelleeg@ed.gov,F,505 177 9080
522,Hube,Ruberti,hrubertieh@yolasite.com,M,211 674 2337
523,Bobette,Fee,bfeeei@goodreads.com,F,830 696 4315
524,Willy,Brickner,wbricknerej@mapquest.com,F,319 694 7449
525,John,Allbones,jallbonesek@storify.com,M,921 130 9629
526,Berte,O'Keenan,bokeenanel@bigcartel.com,F,271 720 4599
527,Jojo,Cripps,jcrippsem@networkadvertising.org,F,462 147 8767
528,Orsa,Vicarey,ovicareyen@reuters.com,F,683 980 8648
529,Orland,Chattell,ochattelleo@com.com,M,228 737 5555
530,Delano,Espadate,despadateep@list-manage.com,M,323 667 8706
531,Pansy,McGragh,pmcgragheq@gmpg.org,F,737 523 5416
532,Sloan,Galle,sgalleer@npr.org,M,966 962 4402
533,Rubina,Astlatt,rastlattes@bloomberg.com,F,826 520 4379
534,Waring,Bagguley,wbagguleyet@ehow.com,M,658 461 9141
535,Bobina,Sandaver,bsandavereu@live.com,F,673 542 5258
536,Merrily,Chewter,mchewterev@bing.com,F,696 934 4705
537,Berkley,Manifould,bmanifouldew@studiopress.com,M,548 107 3132
538,Isis,Blasoni,iblasoniex@home.pl,F,902 409 0237
539,Brocky,Hawkswell,bhawkswelley@hibu.com,M,740 781 7347
540,Garland,Rutgers,grutgersez@ebay.co.uk,F,272 210 5297
541,Elissa,McCaw,emccawf0@blogs.com,F,329 221 1454
542,Charlie,Houndesome,choundesomef1@mapy.cz,M,987 760 6080
543,Steve,Woofinden,swoofindenf2@sfgate.com,M,993 282 4531
544,Vale,Atthow,vatthowf3@addtoany.com,M,250 629 8403
545,Walt,Lagne,wlagnef4@blog.com,M,805 636 8114
546,Candice,Blacklock,cblacklockf5@slideshare.net,F,989 230 9437
547,Renato,Lote,rlotef6@mac.com,M,208 155 3715
548,Lion,Gulvin,lgulvinf7@cmu.edu,M,202 521 6132
549,Sampson,MacCracken,smaccrackenf8@google.com,M,901 321 1634
550,Myles,Lesor,mlesorf9@nytimes.com,M,580 152 8880
551,Coralie,Paramore,cparamorefa@cpanel.net,F,938 687 0266
552,Richmond,Fields,rfieldsfb@whitehouse.gov,M,468 815 0209
553,Gaby,Kemwal,gkemwalfc@w3.org,M,234 291 9525
554,Lauren,Whatham,lwhathamfd@nhs.uk,F,715 815 5484
555,Ginger,Folds,gfoldsfe@fotki.com,M,673 787 8787
556,Gideon,Meran,gmeranff@nbcnews.com,M,454 382 0078
557,Emanuel,Ranaghan,eranaghanfg@indiegogo.com,M,656 554 0605
558,Shaina,Annakin,sannakinfh@ocn.ne.jp,F,561 558 8354
559,Nani,Trodd,ntroddfi@google.ca,F,195 678 9422
560,Munroe,Bonhomme,mbonhommefj@imgur.com,M,853 750 1061
561,Carine,Lambert-Ciorwyn,clambertciorwynfk@jiathis.com,F,754 491 3352
562,Frederic,Shawl,fshawlfl@blogspot.com,M,713 607 5900
563,Clemente,Brech,cbrechfm@netscape.com,M,975 543 0892
564,Andie,Tantrum,atantrumfn@topsy.com,M,223 739 8111
565,Gus,Grimolbie,ggrimolbiefo@boston.com,F,250 921 4006
566,Khalil,O' Timony,kotimonyfp@rediff.com,M,187 945 1443
567,Ximenez,Bill,xbillfq@delicious.com,M,467 753 2761
568,Gustavo,Tollow,gtollowfr@archive.org,M,207 634 0319
569,Natalya,Brundall,nbrundallfs@exblog.jp,F,591 975 1915
570,Konstance,Kitchin,kkitchinft@last.fm,F,611 300 0988
571,Darby,Meharg,dmehargfu@chron.com,F,350 717 3878
572,Maurene,Kort,mkortfv@naver.com,F,486 594 0633
573,Josselyn,Rodenburgh,jrodenburghfw@jimdo.com,F,236 804 2087
574,Alta,Kirwan,akirwanfx@digg.com,F,373 835 9484
575,Rozina,Haye,rhayefy@disqus.com,F,320 219 8660
576,Candra,Johnes,cjohnesfz@comsenz.com,F,310 309 9328
577,Cleavland,Brood,cbroodg0@sohu.com,M,324 367 9434
578,Aylmer,Grimster,agrimsterg1@flickr.com,M,499 566 1217
579,Griz,McMeekin,gmcmeeking2@google.nl,M,553 122 5756
580,Bat,Fosse,bfosseg3@discuz.net,M,244 388 2892
581,Harli,McGaughay,hmcgaughayg4@nps.gov,F,205 331 1553
582,Gabrielle,Spraggon,gspraggong5@eepurl.com,F,673 137 8306
583,Aubine,McKee,amckeeg6@infoseek.co.jp,F,340 667 2543
584,Lorena,Karpychev,lkarpychevg7@twitpic.com,F,493 673 8440
585,Vanda,Purdy,vpurdyg8@constantcontact.com,F,411 532 9214
586,Theressa,Gostage,tgostageg9@wordpress.com,F,594 144 2460
587,Oneida,Georgins,ogeorginsga@discuz.net,F,661 770 3869
588,Bertina,Setchfield,bsetchfieldgb@china.com.cn,F,766 361 1326
589,Hansiain,Hencke,hhenckegc@marriott.com,M,441 334 6491
590,Berty,Denness,bdennessgd@seesaa.net,F,560 664 8228
591,Hilda,Pendle,hpendlege@phpbb.com,F,781 289 9000
592,Keven,Armor,karmorgf@samsung.com,M,199 897 9861
593,Elfie,Seaton,eseatongg@biglobe.ne.jp,F,855 955 7972
594,Goddard,Raggett,graggettgh@elpais.com,M,420 691 1167
595,Leo,Jelly,ljellygi@1und1.de,M,941 243 9798
596,Camila,Umpleby,cumplebygj@state.gov,F,208 449 6873
597,Aurelia,Staff,astaffgk@harvard.edu,F,680 132 0340
598,Wilmer,Scotting,wscottinggl@guardian.co.uk,M,473 407 8354
599,Lorin,Musselwhite,lmusselwhitegm@scribd.com,M,748 658 0480
600,Katusha,Rumsby,krumsbygn@cam.ac.uk,F,771 547 4182
601,Nico,Elloway,nellowaygo@blogtalkradio.com,M,114 882 9163
602,Filip,MacVicar,fmacvicargp@dell.com,M,245 330 0635
603,Thane,Brettell,tbrettellgq@usnews.com,M,655 400 6845
604,Cort,Scaplehorn,cscaplehorngr@biglobe.ne.jp,M,713 597 4779
605,Micky,Simchenko,msimchenkogs@t.co,M,435 630 2320
606,Felicle,Wylder,fwyldergt@imgur.com,F,861 347 6002
607,Priscilla,McReynold,pmcreynoldgu@state.gov,F,252 566 4068
608,Elfie,Rhead,erheadgv@clickbank.net,F,825 539 7309
609,Lanna,Mellenby,lmellenbygw@usa.gov,F,650 451 7913
610,Witty,Sapsed,wsapsedgx@amazonaws.com,M,209 837 2494
611,Ulrich,McAuslan,umcauslangy@google.pl,M,722 540 0055
612,Lotti,Brumen,lbrumengz@nih.gov,F,140 669 4188
613,Casper,Vowels,cvowelsh0@archive.org,M,562 208 3344
614,Ricki,Beincken,rbeinckenh1@mit.edu,M,266 953 6196
615,Raymond,De Courtney,rdecourtneyh2@booking.com,M,744 897 3070
616,Pasquale,Rainsden,prainsdenh3@eepurl.com,M,967 314 6863
617,Nap,Curee,ncureeh4@businessweek.com,M,447 910 7906
618,Carter,Croome,ccroomeh5@pagesperso-orange.fr,M,300 572 2654
619,Edmon,Bendare,ebendareh6@usda.gov,M,213 510 2421
620,Joelle,Finneran,jfinneranh7@oracle.com,F,499 254 8108
621,Carolyn,Ambler,camblerh8@unesco.org,F,426 675 7331
622,Tyrone,Petruskevich,tpetruskevichh9@mysql.com,M,315 754 5246
623,Ted,Louisot,tlouisotha@last.fm,F,952 216 4879
624,Stefan,Prestage,sprestagehb@auda.org.au,M,408 961 8456
625,Gan,Brawn,gbrawnhc@google.fr,M,570 679 6914
626,Kenton,Galloway,kgallowayhd@dyndns.org,M,689 623 2587
627,Bertie,Maior,bmaiorhe@theglobeandmail.com,M,916 310 2866
628,Packston,Sporgeon,psporgeonhf@jiathis.com,M,403 718 8553
629,Rikki,Sheppard,rsheppardhg@senate.gov,F,619 771 6288
630,Logan,Starmont,lstarmonthh@photobucket.com,M,101 758 9738
631,Ruperto,Naseby,rnasebyhi@themeforest.net,M,942 944 2314
632,Morgen,Davidovic,mdavidovichj@wikimedia.org,M,515 629 3565
633,Hamid,Pierro,hpierrohk@sfgate.com,M,641 355 0172
634,Mallory,Sherebrooke,msherebrookehl@alibaba.com,M,686 598 0111
635,Clerkclaude,Kruger,ckrugerhm@eventbrite.com,M,563 240 0264
636,Findlay,Tideswell,ftideswellhn@europa.eu,M,115 846 1647
637,Lynnette,Hukin,lhukinho@wp.com,F,854 948 5004
638,Breanne,Barlee,bbarleehp@google.ru,F,419 788 3356
639,Estella,Douse,edousehq@va.gov,F,611 120 6659
640,Neala,Sandeford,nsandefordhr@dailymail.co.uk,F,318 876 0185
641,Germayne,Schultze,gschultzehs@state.tx.us,M,298 859 0016
642,Hollie,Vallintine,hvallintineht@squidoo.com,F,337 795 6708
643,Gib,Gommes,ggommeshu@cafepress.com,M,352 129 8887
644,Ignaz,Josupeit,ijosupeithv@deviantart.com,M,222 638 5547
645,Daniel,Kingsnoad,dkingsnoadhw@hc360.com,M,831 716 4831
646,Cherie,Bartlam,cbartlamhx@nih.gov,F,618 284 2506
647,Ferdinande,Bellfield,fbellfieldhy@nature.com,F,484 410 5498
648,Drusilla,Conneely,dconneelyhz@google.pl,F,236 789 4036
649,Jessi,Iacoboni,jiacobonii0@chicagotribune.com,F,314 115 1866
650,Albert,Fendlen,afendleni1@newsvine.com,M,466 407 5670
651,Bari,Clarkin,bclarkini2@usatoday.com,F,173 633 6698
652,Nial,Rundall,nrundalli3@bbc.co.uk,M,971 613 8151
653,Kincaid,Starking,kstarkingi4@discovery.com,M,123 829 1141
654,Antonietta,Vanyashkin,avanyashkini5@answers.com,F,760 530 2647
655,Gus,Mixer,gmixeri6@yellowpages.com,M,684 421 1015
656,Max,Fowley,mfowleyi7@cbslocal.com,M,337 788 0702
657,Renato,Harkes,rharkesi8@census.gov,M,283 312 5922
658,Evanne,Yonnie,eyonniei9@ucoz.ru,F,964 796 7180
659,Priscilla,Brecknock,pbrecknockia@ibm.com,F,265 132 3113
660,Hamnet,Giottini,hgiottiniib@ycombinator.com,M,509 882 5565
661,Caz,Kauble,ckaubleic@apple.com,M,102 915 8986
662,Donetta,Charlwood,dcharlwoodid@phoca.cz,F,217 296 9317
663,Merrilee,Sudy,msudyie@mysql.com,F,271 929 7567
664,Bartholomew,Povall,bpovallif@epa.gov,M,779 183 0196
665,Elly,Cartledge,ecartledgeig@a8.net,F,483 648 8729
666,Jozef,Dockwray,jdockwrayih@narod.ru,M,871 949 7588
667,Nettie,Thake,nthakeii@theguardian.com,F,468 417 2603
668,Saunder,Nigh,snighij@wordpress.org,M,666 489 0401
669,Nadeen,Sime,nsimeik@pcworld.com,F,283 175 7666
670,Cesaro,Sketchley,csketchleyil@ask.com,M,579 793 9373
671,Samuel,Paull,spaullim@studiopress.com,M,182 651 4079
672,Dimitri,Munning,dmunningin@ask.com,M,625 931 5964
673,Loree,Coom,lcoomio@pen.io,F,405 265 3680
674,Annmarie,Fentem,afentemip@etsy.com,F,116 998 7771
675,Jethro,McGiff,jmcgiffiq@nhs.uk,M,586 328 1807
676,Clement,Hendron,chendronir@europa.eu,M,772 858 7904
677,Nicolea,Catlette,ncatletteis@sphinn.com,F,150 964 2959
678,Lucina,Staveley,lstaveleyit@surveymonkey.com,F,526 332 6415
679,Astra,Leyband,aleybandiu@deliciousdays.com,F,365 387 6502
680,Caron,Shevlane,cshevlaneiv@redcross.org,F,672 389 7816
681,Allx,Goare,agoareiw@purevolume.com,F,766 962 9182
682,Ragnar,Stile,rstileix@freewebs.com,M,396 690 4607
683,Glad,Agent,gagentiy@vistaprint.com,F,134 344 5328
684,Leigh,Anwell,lanwelliz@gizmodo.com,F,956 869 9993
685,Davy,Lampard,dlampardj0@usatoday.com,M,286 948 2600
686,Alberto,McLeary,amclearyj1@npr.org,M,202 801 6643
687,Gil,Colquit,gcolquitj2@si.edu,M,255 272 5801
688,Timothea,Sheer,tsheerj3@washington.edu,F,825 128 3887
689,Hugues,Arman,harmanj4@archive.org,M,491 357 6533
690,Alejandra,Rawdall,arawdallj5@nhs.uk,F,745 840 3760
691,Sher,Priter,spriterj6@ca.gov,F,890 280 2655
692,Baldwin,Counsell,bcounsellj7@macromedia.com,M,987 877 8069
693,Naoma,Dun,ndunj8@about.me,F,929 393 2533
694,Whitney,Harlett,wharlettj9@sourceforge.net,F,999 954 0728
695,Elton,Wastie,ewastieja@feedburner.com,M,137 360 0135
696,Hill,Coombes,hcoombesjb@bizjournals.com,M,328 511 9805
697,Reggi,Hadden,rhaddenjc@yolasite.com,F,559 680 2321
698,Marys,Varnes,mvarnesjd@cbc.ca,F,551 429 0832
699,Dennie,Cruess,dcruessje@cbslocal.com,M,273 498 7031
700,Allie,Chomicz,achomiczjf@de.vu,F,973 830 6355
701,Lombard,Gentry,lgentryjg@webmd.com,M,366 656 0636
702,Rafferty,Cain,rcainjh@bloglovin.com,M,397 159 3101
703,Arleyne,Oleszcuk,aoleszcukji@whitehouse.gov,F,420 518 0651
704,Hugo,Testo,htestojj@biblegateway.com,M,806 636 3943
705,Marlow,Dzenisenka,mdzenisenkajk@theguardian.com,M,847 532 5468
706,Tucky,Hubane,thubanejl@phpbb.com,M,225 116 8595
707,Ramsey,Oleszcuk,roleszcukjm@edublogs.org,M,666 468 2489
708,Elwyn,Dragonette,edragonettejn@unesco.org,M,958 479 9204
709,Felecia,Di Carli,fdicarlijo@weather.com,F,434 327 2234
710,Clementia,Dorrington,cdorringtonjp@imageshack.us,F,687 818 7133
711,Caddric,Cody,ccodyjq@mapquest.com,M,328 249 0193
712,Bentlee,Fairhurst,bfairhurstjr@examiner.com,M,972 437 0234
713,Bill,Dreghorn,bdreghornjs@amazon.de,F,827 989 9481
714,Karyl,Belchem,kbelchemjt@goo.ne.jp,F,699 320 1987
715,Cathy,Howsego,chowsegoju@seesaa.net,F,184 105 7512
716,Mame,Wrathall,mwrathalljv@wired.com,F,906 637 1749
717,Moises,Toor,mtoorjw@intel.com,M,761 223 5543
718,Lelah,Gilburt,lgilburtjx@blogs.com,F,585 279 0740
719,Elset,Fetherston,efetherstonjy@skype.com,F,130 176 4400
720,Tildy,Dorking,tdorkingjz@sohu.com,F,785 831 8603
721,Brant,Eberst,beberstk0@rediff.com,M,509 577 4915
722,Nicholas,Gath,ngathk1@squidoo.com,M,355 680 1210
723,Lauretta,Gower,lgowerk2@dell.com,F,705 901 0550
724,Vassili,Usborn,vusbornk3@goo.gl,M,777 143 3103
725,Mordy,Hitscher,mhitscherk4@people.com.cn,M,363 505 1805
726,Kyrstin,Bone,kbonek5@globo.com,F,671 972 1448
727,Bernie,Monteath,bmonteathk6@dropbox.com,F,680 649 1081
728,Stearne,Reek,sreekk7@eepurl.com,M,207 480 3535
729,Claudetta,Cesco,ccescok8@forbes.com,F,950 862 4048
730,Nerty,Argrave,nargravek9@4shared.com,F,933 836 4802
731,Constance,Allpress,callpresska@ustream.tv,F,747 698 3697
732,Arri,Colclough,acolcloughkb@slashdot.org,M,218 294 8821
733,Celestia,Fawthrop,cfawthropkc@oakley.com,F,701 968 7409
734,Marshal,Lezemere,mlezemerekd@wix.com,M,391 989 1333
735,Rachel,Gloucester,rgloucesterke@360.cn,F,402 440 2738
736,Millard,Bonellie,mbonelliekf@xinhuanet.com,M,575 445 6259
737,Lexie,Wilbud,lwilbudkg@cocolog-nifty.com,F,699 639 5326
738,Anallise,Bondy,abondykh@paypal.com,F,384 803 1001
739,Standford,Merill,smerillki@webnode.com,M,398 133 8326
740,Jeanne,Dowdall,jdowdallkj@hud.gov,F,703 951 0319
741,Irwinn,Pygott,ipygottkk@i2i.jp,M,735 141 6644
742,Annaliese,Crasford,acrasfordkl@weibo.com,F,999 901 3837
743,Lorain,Capelle,lcapellekm@shinystat.com,F,358 838 1792
744,Teddy,McIlherran,tmcilherrankn@forbes.com,M,312 266 4309
745,Wendel,Fortnon,wfortnonko@theguardian.com,M,155 416 3212
746,Albertine,Fishpool,afishpoolkp@amazon.com,F,590 205 9112
747,Jard,Dietz,jdietzkq@ustream.tv,M,881 435 4154
748,Giavani,Sabater,gsabaterkr@lulu.com,M,998 953 8473
749,Irene,Faber,ifaberks@japanpost.jp,F,899 929 9534
750,Kelwin,Blaxeland,kblaxelandkt@statcounter.com,M,785 962 4249
751,Paola,Aldwich,paldwichku@disqus.com,F,606 414 3613
752,Peggy,Arbor,parborkv@godaddy.com,F,282 517 5442
753,Karoly,Exley,kexleykw@amazon.com,F,356 874 7361
754,Janna,Ricioppo,jricioppokx@surveymonkey.com,F,826 241 6847
755,Artus,Warry,awarryky@illinois.edu,M,408 785 0055
756,Rolfe,Borrington,rborringtonkz@army.mil,M,969 807 8010
757,Charo,Mertel,cmertell0@mozilla.com,F,263 354 6234
758,Felicdad,Garvagh,fgarvaghl1@vistaprint.com,F,348 380 4605
759,Galven,Flood,gfloodl2@dedecms.com,M,505 695 6249
760,Shaw,Grece,sgrecel3@amazon.co.jp,M,205 129 9201
761,Stafani,Tezure,stezurel4@fc2.com,F,726 820 1006
762,Barbara-anne,Ivashnikov,bivashnikovl5@biblegateway.com,F,317 616 0451
763,Denni,Jouning,djouningl6@walmart.com,F,343 263 7902
764,Brandice,Jonin,bjoninl7@wikispaces.com,F,300 367 5167
765,Theo,Cripin,tcripinl8@ibm.com,M,607 709 4850
766,Gerome,Culverhouse,gculverhousel9@disqus.com,M,625 143 6318
767,Barbie,Aveling,bavelingla@ifeng.com,F,357 248 9864
768,Romeo,Vanyashin,rvanyashinlb@newyorker.com,M,590 317 9965
769,Hadleigh,Mix,hmixlc@huffingtonpost.com,M,460 526 3759
770,Codie,Bikker,cbikkerld@guardian.co.uk,M,781 843 1233
771,Dalt,Orrum,dorrumle@oracle.com,M,886 746 3240
772,Corry,Pepys,cpepyslf@edublogs.org,F,607 489 7044
773,Wynn,Purvey,wpurveylg@amazon.de,M,544 802 5609
774,Doyle,Kitto,dkittolh@netvibes.com,M,342 957 0030
775,Jennee,Booker,jbookerli@boston.com,F,695 451 3728
776,Dee dee,Roslen,droslenlj@people.com.cn,F,805 620 4729
777,Jenifer,Mathen,jmathenlk@godaddy.com,F,999 701 1681
778,Zabrina,Freeth,zfreethll@hibu.com,F,737 271 7450
779,Shane,Rydings,srydingslm@webmd.com,F,220 930 7055
780,Hamish,Crean,hcreanln@businesswire.com,M,402 486 1375
781,Kitty,Itzhaiek,kitzhaieklo@list-manage.com,F,582 104 3583
782,Joshua,Cicchelli,jcicchellilp@nifty.com,M,479 620 6634
783,Crosby,O' Mulderrig,comulderriglq@google.it,M,772 878 0063
784,Lebbie,Jills,ljillslr@imdb.com,F,376 525 2688
785,Ephrem,Goldthorpe,egoldthorpels@marketwatch.com,M,706 294 3179
786,Chico,Barnsley,cbarnsleylt@netlog.com,M,833 605 1335
787,Adriane,Libby,alibbylu@ucoz.ru,F,269 599 8674
788,Marion,Mathwen,mmathwenlv@economist.com,F,734 451 3640
789,Gisele,Tabrett,gtabrettlw@exblog.jp,F,172 474 6286
790,Tull,O'Scully,toscullylx@dion.ne.jp,M,334 369 3681
791,Camel,Eayres,ceayresly@tiny.cc,F,478 165 2661
792,Torie,Garmey,tgarmeylz@google.co.jp,F,254 635 5806
793,Dyanne,Vampouille,dvampouillem0@delicious.com,F,962 694 1148
794,Hartwell,Behning,hbehningm1@goo.gl,M,324 331 2958
795,Ronica,de Amaya,rdeamayam2@loc.gov,F,325 122 5632
796,Gabriel,Raphael,graphaelm3@wp.com,F,301 127 6926
797,Carney,Rosenstiel,crosenstielm4@pen.io,M,821 956 3135
798,Rab,Dewane,rdewanem5@bbb.org,M,376 318 6976
799,Jard,Metterick,jmetterickm6@dagondesign.com,M,978 871 7453
800,Jenifer,Cathee,jcatheem7@aol.com,F,237 229 8363
801,Rivi,Dy,rdym8@rambler.ru,F,714 584 1816
802,Kirsten,Howley,khowleym9@mozilla.com,F,962 293 6214
803,Diannne,Vinden,dvindenma@dedecms.com,F,867 668 9863
804,Vittoria,Penvarden,vpenvardenmb@sun.com,F,925 958 7965
805,Boigie,Rudman,brudmanmc@ibm.com,M,198 778 0581
806,Thadeus,Lamonby,tlamonbymd@uiuc.edu,M,398 258 8457
807,Nell,Battin,nbattinme@tuttocitta.it,F,573 146 0745
808,Kerry,Coultass,kcoultassmf@addtoany.com,F,843 961 8481
809,Sheppard,Hammor,shammormg@lulu.com,M,152 391 6089
810,Leonhard,Kezor,lkezormh@paypal.com,M,575 661 1051
811,Jonis,Brockhurst,jbrockhurstmi@smh.com.au,F,533 650 4063
812,Berne,Bastistini,bbastistinimj@imdb.com,M,787 594 9522
813,Violante,Forre,vforremk@foxnews.com,F,265 896 9882
814,Drusy,Dunsford,ddunsfordml@washington.edu,F,624 950 6384
815,Frazier,Dancy,fdancymm@oracle.com,M,938 847 4257
816,Bobby,Jeaycock,bjeaycockmn@ed.gov,M,903 815 3908
817,Elbert,Battersby,ebattersbymo@ycombinator.com,M,318 266 8871
818,Arnaldo,Sewell,asewellmp@army.mil,M,200 128 8263
819,Shandee,Aspey,saspeymq@mtv.com,F,285 661 7893
820,Merwin,Harriskine,mharriskinemr@squidoo.com,M,980 512 8598
821,Dar,Buer,dbuerms@miibeian.gov.cn,M,755 270 0905
822,Lothaire,Rosiello,lrosiellomt@marketwatch.com,M,771 685 1296
823,Randy,Castro,rcastromu@rediff.com,M,892 407 0444
824,Mac,Dreossi,mdreossimv@360.cn,M,406 858 8746
825,Mavis,Cammiemile,mcammiemilemw@photobucket.com,F,686 340 1348
826,Dall,Shakesbye,dshakesbyemx@ted.com,M,965 298 3790
827,Wyatt,Farn,wfarnmy@walmart.com,M,716 475 6605
828,Land,Ferrier,lferriermz@yelp.com,M,919 761 1956
829,Sophia,Thys,sthysn0@yolasite.com,F,756 250 1576
830,Dare,Stonary,dstonaryn1@wikimedia.org,M,920 445 5668
831,Fina,Adriani,fadrianin2@odnoklassniki.ru,F,330 641 2576
832,Teddy,Larsen,tlarsenn3@4shared.com,F,548 201 9867
833,Wait,Bossons,wbossonsn4@imageshack.us,M,280 976 8916
834,Dallas,Rewbottom,drewbottomn5@ucoz.ru,M,835 350 5017
835,Corinna,Normanton,cnormantonn6@umich.edu,F,451 736 1050
836,Torie,Skates,tskatesn7@foxnews.com,F,152 725 0864
837,Annis,Vauls,avaulsn8@about.me,F,406 333 4525
838,Vonnie,Mill,vmilln9@fc2.com,F,119 433 8730
839,Ethelbert,Peteri,epeterina@spiegel.de,M,772 947 4205
840,George,Becerro,gbecerronb@dmoz.org,M,350 158 3430
841,Stepha,Brinklow,sbrinklownc@oracle.com,F,547 504 8761
842,Ricardo,Darkin,rdarkinnd@stumbleupon.com,M,154 527 4362
843,Trueman,Edowes,tedowesne@ifeng.com,M,475 717 2562
844,Tandie,Gobeaux,tgobeauxnf@boston.com,F,566 477 2038
845,Jillian,Griffiths,jgriffithsng@stanford.edu,F,767 488 3901
846,Aurea,Hartfleet,ahartfleetnh@blogger.com,F,202 915 6406
847,Marthena,Buzine,mbuzineni@devhub.com,F,475 923 8172
848,Gaynor,Behling,gbehlingnj@over-blog.com,F,835 231 0647
849,Dur,Duchateau,dduchateaunk@mediafire.com,M,110 390 6322
850,Baxie,Leckie,bleckienl@sfgate.com,M,893 327 2034
851,Boyce,Barczewski,bbarczewskinm@live.com,M,118 508 5227
852,Cherry,Espinet,cespinetnn@google.cn,F,241 366 6746
853,Gwenette,Brydon,gbrydonno@geocities.com,F,529 357 3761
854,Dexter,Corkhill,dcorkhillnp@adobe.com,M,597 705 5975
855,Fanchon,Ratter,fratternq@bluehost.com,F,633 773 2387
856,Issi,Mulmuray,imulmuraynr@nifty.com,F,104 802 8954
857,Joyann,Lowles,jlowlesns@macromedia.com,F,482 695 7089
858,Maynard,Asplen,masplennt@mail.ru,M,607 163 6955
859,Freemon,Tomkowicz,ftomkowicznu@sourceforge.net,M,530 529 8693
860,Chalmers,Vanyashin,cvanyashinnv@goo.ne.jp,M,436 101 6468
861,Aldric,Keelin,akeelinnw@usa.gov,M,941 579 2235
862,Nickola,Vosse,nvossenx@squarespace.com,M,804 256 7290
863,Debby,Allcock,dallcockny@senate.gov,F,989 374 6787
864,Mack,Donaldson,mdonaldsonnz@flickr.com,M,610 994 3167
865,Alanna,Pillifant,apillifanto0@joomla.org,F,510 681 8015
866,Lyndel,Parish,lparisho1@dropbox.com,F,597 735 4750
867,Kele,Somerfield,ksomerfieldo2@shinystat.com,M,442 638 4283
868,Clarabelle,O'Sullivan,cosullivano3@fastcompany.com,F,798 561 7277
869,Elizabeth,Comber,ecombero4@instagram.com,F,499 797 3794
870,Serena,Scheffel,sscheffelo5@narod.ru,F,103 696 8479
871,Caterina,Ianilli,cianillio6@rediff.com,F,606 900 0738
872,Daveen,Isaksson,disakssono7@webmd.com,F,458 880 4153
873,Sheridan,Browett,sbrowetto8@google.pl,M,752 551 8159
874,Glyn,Summerskill,gsummerskillo9@microsoft.com,M,706 769 2981
875,Robenia,Finneran,rfinneranoa@macromedia.com,F,725 689 2960
876,Bret,Coale,bcoaleob@istockphoto.com,M,760 859 0237
877,Roarke,Lupson,rlupsonoc@zimbio.com,M,880 733 1933
878,Inessa,Diplock,idiplockod@reddit.com,F,701 694 7621
879,Tedd,McCrie,tmccrieoe@squarespace.com,M,344 782 2989
880,Valene,Sellner,vsellnerof@ted.com,F,824 388 8960
881,Ashia,Mortlock,amortlockog@angelfire.com,F,201 477 8738
882,Sigvard,Cavanagh,scavanaghoh@yahoo.co.jp,M,151 863 9061
883,Meg,Leverich,mleverichoi@blogtalkradio.com,F,361 524 1439
884,Alisha,Horsley,ahorsleyoj@myspace.com,F,811 513 7289
885,Christabella,Stockton,cstocktonok@apple.com,F,372 305 0648
886,Kathie,Vasyatkin,kvasyatkinol@marketwatch.com,F,464 419 0682
887,Zebadiah,Durrad,zdurradom@stanford.edu,M,613 622 4446
888,Grant,Tomet,gtometon@nationalgeographic.com,M,413 551 3453
889,Ursa,Le Marquis,ulemarquisoo@about.com,F,722 924 7721
890,Jarred,Beake,jbeakeop@guardian.co.uk,M,123 591 1388
891,Ewell,Gorman,egormanoq@printfriendly.com,M,506 829 3607
892,Taber,Lambdon,tlambdonor@geocities.jp,M,384 480 2025
893,Padraig,Obbard,pobbardos@cyberchimps.com,M,556 550 6605
894,Erasmus,Scorthorne,escorthorneot@cnn.com,M,620 297 4194
895,Andy,Batterham,abatterhamou@example.com,M,383 100 3744
896,Hansiain,Nell,hnellov@npr.org,M,685 195 4399
897,Meade,Saiger,msaigerow@yellowbook.com,F,457 327 0478
898,Giselbert,St Ange,gstangeox@netscape.com,M,825 532 0254
899,Jeremiah,Huygen,jhuygenoy@cbslocal.com,M,606 835 9137
900,Wallie,Seleway,wselewayoz@pbs.org,M,779 344 7085
901,Abie,Byrne,abyrnep0@redcross.org,M,892 677 3379
902,Heindrick,Castillou,hcastilloup1@mit.edu,M,937 151 8078
903,Even,Keyzman,ekeyzmanp2@netscape.com,M,494 739 2597
904,Mozelle,Kimbling,mkimblingp3@epa.gov,F,860 247 8830
905,Aigneis,Greim,agreimp4@nbcnews.com,F,915 963 1358
906,Norry,Curl,ncurlp5@opensource.org,F,883 699 6691
907,Reese,Roder,rroderp6@studiopress.com,M,135 511 8499
908,Hester,Whitton,hwhittonp7@redcross.org,F,187 794 4392
909,Link,Glencrash,lglencrashp8@rediff.com,M,505 438 1086
910,Suzann,Juszczyk,sjuszczykp9@dmoz.org,F,699 354 0944
911,Si,Hartmann,shartmannpa@squarespace.com,M,757 862 4745
912,Alfreda,Sturgess,asturgesspb@tripod.com,F,851 620 3559
913,Fonz,Pancast,fpancastpc@multiply.com,M,929 445 5193
914,Addi,Boal,aboalpd@oaic.gov.au,F,487 358 4765
915,Caritta,Engall,cengallpe@w3.org,F,634 613 5555
916,Tamara,Bazelle,tbazellepf@jigsy.com,F,322 114 2693
917,Leland,De Blasio,ldeblasiopg@samsung.com,M,582 920 9694
918,Elizabet,Dunhill,edunhillph@nationalgeographic.com,F,283 986 2913
919,Gabriello,Mc Trusty,gmctrustypi@oracle.com,M,519 703 6552
920,Rea,Ruselin,rruselinpj@bravesites.com,F,768 465 5028
921,Amity,Dainty,adaintypk@amazon.co.uk,F,566 457 6177
922,Ichabod,Gregoletti,igregolettipl@delicious.com,M,759 204 9549
923,Derick,Staddart,dstaddartpm@reddit.com,M,466 159 1930
924,Andres,Elintune,aelintunepn@theguardian.com,M,360 896 9550
925,Carmelia,Monketon,cmonketonpo@taobao.com,F,996 851 4925
926,Ranique,Rodders,rrodderspp@wufoo.com,F,416 109 3139
927,Salomo,McCrackan,smccrackanpq@goodreads.com,M,793 394 6239
928,Andi,Blurton,ablurtonpr@unblog.fr,F,571 523 4960
929,York,Millthorpe,ymillthorpeps@google.co.uk,M,422 169 1625
930,Holmes,Siddall,hsiddallpt@purevolume.com,M,702 388 1365
931,Lev,Gilfoyle,lgilfoylepu@cbsnews.com,M,346 940 6969
932,Bianka,Treagus,btreaguspv@si.edu,F,215 342 9901
933,Betsy,Goss,bgosspw@google.it,F,944 445 0996
934,Derrek,Burkett,dburkettpx@goodreads.com,M,710 764 0736
935,Padget,Milroy,pmilroypy@icq.com,M,172 783 3026
936,Levon,Kear,lkearpz@google.ca,M,368 843 7283
937,Dominique,Buttwell,dbuttwellq0@lulu.com,F,561 430 0346
938,Pierson,McMorran,pmcmorranq1@livejournal.com,M,109 836 8369
939,Binni,Heugh,bheughq2@wp.com,F,598 761 9979
940,Pat,Tewkesberrie,ptewkesberrieq3@wikipedia.org,F,879 230 3901
941,Alisander,Dargavel,adargavelq4@timesonline.co.uk,M,548 767 9509
942,Meg,Attride,mattrideq5@youtu.be,F,433 623 7563
943,Christy,Lewsam,clewsamq6@ibm.com,M,305 817 6663
944,Willem,Mousley,wmousleyq7@ow.ly,M,130 327 0709
945,Devi,Arlet,darletq8@senate.gov,F,918 120 8267
946,Theobald,Bushe,tbusheq9@bing.com,M,502 628 1553
947,Kellby,Tabor,ktaborqa@biblegateway.com,M,911 540 2261
948,Stephanie,Radband,sradbandqb@whitehouse.gov,F,823 890 3583
949,Daffi,Bambrough,dbambroughqc@eventbrite.com,F,335 161 1602
950,Jenna,Truss,jtrussqd@nih.gov,F,520 120 9519
951,Ivy,Fiddyment,ifiddymentqe@tinypic.com,F,226 260 3525
952,Hanan,Tubridy,htubridyqf@umn.edu,M,826 194 7755
953,Gianina,Abramsky,gabramskyqg@networksolutions.com,F,979 373 0684
954,Duky,Bescoby,dbescobyqh@ibm.com,M,723 810 4763
955,Gery,Tuxill,gtuxillqi@pcworld.com,M,333 447 9283
956,Amy,Busswell,abusswellqj@drupal.org,F,119 851 4462
957,Alfie,Bewsey,abewseyqk@ifeng.com,M,228 104 7353
958,Daniele,Pol,dpolql@google.com.au,F,427 748 1922
959,Foss,Jelliman,fjellimanqm@nydailynews.com,M,474 348 5764
960,Zachary,felip,zfelipqn@list-manage.com,M,778 419 1269
961,Muffin,Morrish,mmorrishqo@shareasale.com,F,518 145 9617
962,Bianka,Lapslie,blapslieqp@ycombinator.com,F,853 164 6093
963,Misti,Matula,mmatulaqq@people.com.cn,F,480 241 3169
964,Ambur,Smieton,asmietonqr@engadget.com,F,205 422 0973
965,Estevan,Greaterex,egreaterexqs@amazon.co.uk,M,362 518 6717
966,Elaine,Sheekey,esheekeyqt@cmu.edu,F,795 697 5283
967,Randy,Dowsett,rdowsettqu@howstuffworks.com,F,513 371 8458
968,Merv,Ranstead,mransteadqv@patch.com,M,500 427 4282
969,Joe,Tillot,jtillotqw@sitemeter.com,M,145 228 9794
970,Aurora,Crackel,acrackelqx@bing.com,F,562 851 3537
971,Ned,Clampe,nclampeqy@unesco.org,M,798 718 3494
972,Halette,Ernke,hernkeqz@geocities.com,F,192 189 2006
973,Gawen,Cowwell,gcowwellr0@g.co,M,907 871 6624
974,Anet,Conrard,aconrardr1@amazon.com,F,980 106 0946
975,Henrik,Okker,hokkerr2@va.gov,M,289 427 1699
976,Whitby,Greystoke,wgreystoker3@freewebs.com,M,407 606 7868
977,Geri,Watkinson,gwatkinsonr4@answers.com,F,340 351 1575
978,Leigh,Morphey,lmorpheyr5@ox.ac.uk,M,690 537 5343
979,Chaddie,Pavolini,cpavolinir6@mozilla.org,M,867 890 4831
980,Georg,Youster,gyousterr7@miibeian.gov.cn,M,863 711 9438
981,Annora,Matson,amatsonr8@whitehouse.gov,F,103 929 9350
982,Mattie,Kop,mkopr9@businessweek.com,M,780 821 0305
983,Sargent,Santoro,ssantorora@theguardian.com,M,767 487 5271
984,Iain,Rosenhaupt,irosenhauptrb@pinterest.com,M,505 294 4993
985,Stephani,Vanyushkin,svanyushkinrc@usatoday.com,F,985 257 3389
986,Ringo,Sylvaine,rsylvainerd@amazon.co.jp,M,342 564 0566
987,Koren,Petrasch,kpetraschre@linkedin.com,F,192 975 7946
988,Pen,Perkis,pperkisrf@sina.com.cn,M,509 929 0844
989,Mirilla,Belliveau,mbelliveaurg@wix.com,F,395 803 9816
990,Efrem,Hawarden,ehawardenrh@ucla.edu,M,236 622 9105
991,Cassie,Timmons,ctimmonsri@nifty.com,F,992 880 6805
992,Hollie,Luckham,hluckhamrj@weebly.com,F,358 124 5026
993,Melloney,Ogelbe,mogelberk@gizmodo.com,F,603 889 7339
994,Jonathan,Cribbott,jcribbottrl@businessinsider.com,M,424 323 7037
995,Faythe,Wordington,fwordingtonrm@cafepress.com,F,549 977 3628
996,Augie,Standley,astandleyrn@pen.io,M,632 393 1593
997,Allix,Whisson,awhissonro@jimdo.com,F,321 270 7419
998,Lynnelle,Knowlton,lknowltonrp@addtoany.com,F,591 782 0206
999,Madelena,MacNeillie,mmacneillierq@github.io,F,903 198 8177
1000,Shirlene,Humes,shumesrr@barnesandnoble.com,F,571 256 0588
